Date,Name,Year,Letterboxd URI
2022-06-22,Top Gun: Maverick,2022,https://boxd.it/cjr4
2022-06-22,The Batman,2022,https://boxd.it/eDGs
2022-06-23,Heat,1995,https://boxd.it/2bg8
2022-06-24,Punch-Drunk Love,2002,https://boxd.it/20E4
2022-06-26,Doctor Strange in the Multiverse of Madness,2022,https://boxd.it/gaTc
2022-06-26,Fight Club,1999,https://boxd.it/2a9q
2022-06-27,In the Mood for Love,2000,https://boxd.it/29tE
2022-06-29,Eternals,2021,https://boxd.it/j36o
2022-06-29,No Time to Die,2021,https://boxd.it/cPX2
2022-06-29,Dune,2021,https://boxd.it/fA7G
2022-06-29,Shang-Chi and the Legend of the Ten Rings,2021,https://boxd.it/kLDI
2022-06-29,Black Box,2021,https://boxd.it/oGm6
2022-06-29,Soul,2020,https://boxd.it/ioLA
2022-06-29,Tenet,2020,https://boxd.it/leq4
2022-06-29,1917,2019,https://boxd.it/jj4y
2022-06-29,Knives Out,2019,https://boxd.it/jWEA
2022-06-29,Ford v Ferrari,2019,https://boxd.it/ce74
2022-06-29,First Cow,2019,https://boxd.it/krga
2022-06-29,Ad Astra,2019,https://boxd.it/ePzI
2022-06-29,Once Upon a Time... in Hollywood,2019,https://boxd.it/gH0O
2022-06-29,Les Misérables,2019,https://boxd.it/lAPA
2022-06-29,The Wolf's Call,2019,https://boxd.it/hqkE
2022-06-29,Green Book,2018,https://boxd.it/hErk
2022-06-29,Blindspotting,2018,https://boxd.it/hDMw
2022-06-29,Blade Runner 2049,2017,https://boxd.it/b8wK
2022-06-29,A Taxi Driver,2017,https://boxd.it/fwac
2022-06-29,Baby Driver,2017,https://boxd.it/bhF2
2022-06-29,The Revenant,2015,https://boxd.it/8H5e
2022-06-29,Straight Outta Compton,2015,https://boxd.it/8rMc
2022-06-29,Spectre,2015,https://boxd.it/6bXY
2022-06-29,Sicario,2015,https://boxd.it/8i7u
2022-06-29,Fury,2014,https://boxd.it/6JwC
2022-06-29,Kingsman: The Secret Service,2014,https://boxd.it/6dxe
2022-06-29,The Wolf of Wall Street,2013,https://boxd.it/3C1m
2022-06-29,Django Unchained,2012,https://boxd.it/2cCk
2022-06-29,Skyfall,2012,https://boxd.it/17Fc
2022-06-29,The Dark Knight Rises,2012,https://boxd.it/H3m
2022-06-29,Drive,2011,https://boxd.it/IG
2022-06-29,Inception,2010,https://boxd.it/1skk
2022-06-29,Quantum of Solace,2008,https://boxd.it/1Vs8
2022-06-29,Ponyo,2008,https://boxd.it/1S0A
2022-06-29,The Dark Knight,2008,https://boxd.it/2b0k
2022-06-29,Ocean's Thirteen,2007,https://boxd.it/2aEy
2022-06-29,Casino Royale,2006,https://boxd.it/1alk
2022-06-29,Batman Begins,2005,https://boxd.it/2aIg
2022-06-29,Ocean's Twelve,2004,https://boxd.it/2aZ2
2022-06-29,Ocean's Eleven,2001,https://boxd.it/2aZm
2022-06-29,Spirited Away,2001,https://boxd.it/2b4m
2022-06-29,Bridge of Spies,2015,https://boxd.it/9n9C
2022-06-29,Interstellar,2014,https://boxd.it/4VZ8
2022-06-29,Howl's Moving Castle,2004,https://boxd.it/23De
2022-07-01,Another Round,2020,https://boxd.it/lkba
2022-07-01,The Big Lebowski,1998,https://boxd.it/2b6C
2022-07-05,The Worst Person in the World,2021,https://boxd.it/oyws
2022-07-05,The Prestige,2006,https://boxd.it/293w
2022-07-05,Her,2013,https://boxd.it/4O24
2022-07-06,Lost in Translation,2003,https://boxd.it/2b0E
2022-07-06,The Handmaiden,2016,https://boxd.it/948A
2022-07-07,Spider-Man,2002,https://boxd.it/2a8i
2022-07-07,Spider-Man: Into the Spider-Verse,2018,https://boxd.it/azpY
2022-07-07,Spider-Man: No Way Home,2021,https://boxd.it/nwRw
2022-07-07,Spider-Man: Far From Home,2019,https://boxd.it/fegG
2022-07-07,Spider-Man 2,2004,https://boxd.it/2a88
2022-07-07,Spider-Man 3,2007,https://boxd.it/2a7Y
2022-07-07,The Great Gatsby,2013,https://boxd.it/JY
2022-07-07,American Sniper,2014,https://boxd.it/5LDy
2022-07-07,Gone Girl,2014,https://boxd.it/6hQu
2022-07-07,The Social Network,2010,https://boxd.it/17ue
2022-07-07,Zodiac,2007,https://boxd.it/27MO
2022-07-07,Dunkirk,2017,https://boxd.it/d0Y6
2022-07-07,Batman v Superman: Dawn of Justice,2016,https://boxd.it/6fBW
2022-07-07,Zack Snyder's Justice League,2021,https://boxd.it/tLOk
2022-07-07,Justice League,2017,https://boxd.it/4w68
2022-07-07,Pulp Fiction,1994,https://boxd.it/29Pq
2022-07-07,The Green Knight,2021,https://boxd.it/kuy2
2022-07-07,A Ghost Story,2017,https://boxd.it/fb0K
2022-07-07,The Old Man & the Gun,2018,https://boxd.it/fd1q
2022-07-07,American Gangster,2007,https://boxd.it/23wi
2022-07-07,Blade Runner,1982,https://boxd.it/2bcA
2022-07-07,Taxi Driver,1976,https://boxd.it/2b8y
2022-07-07,Shutter Island,2010,https://boxd.it/1U82
2022-07-07,GoodFellas,1990,https://boxd.it/29FA
2022-07-07,The Irishman,2019,https://boxd.it/dYOq
2022-07-07,The Truman Show,1998,https://boxd.it/18U8
2022-07-07,Atomic Blonde,2017,https://boxd.it/blDk
2022-07-07,Operation Finale,2018,https://boxd.it/hN1g
2022-07-07,"Three Billboards Outside Ebbing, Missouri",2017,https://boxd.it/ceBS
2022-07-07,The Grand Budapest Hotel,2014,https://boxd.it/3ZqO
2022-07-07,Authentik,2021,https://boxd.it/uqag
2022-07-07,The Imitation Game,2014,https://boxd.it/6aig
2022-07-07,Demolition,2015,https://boxd.it/9GuY
2022-07-07,The King's Man,2021,https://boxd.it/h714
2022-07-07,Harry Potter and the Prisoner of Azkaban,2004,https://boxd.it/29Qy
2022-07-07,Harry Potter and the Philosopher's Stone,2001,https://boxd.it/29QS
2022-07-07,Harry Potter and the Goblet of Fire,2005,https://boxd.it/29Qo
2022-07-07,Harry Potter and the Chamber of Secrets,2002,https://boxd.it/29QI
2022-07-07,Harry Potter and the Order of the Phoenix,2007,https://boxd.it/29Qe
2022-07-07,Harry Potter and the Deathly Hallows: Part 1,2010,https://boxd.it/1RYu
2022-07-07,Harry Potter and the Half-Blood Prince,2009,https://boxd.it/29FU
2022-07-07,Harry Potter and the Deathly Hallows: Part 2,2011,https://boxd.it/1RYk
2022-07-07,Fantastic Beasts and Where to Find Them,2016,https://boxd.it/7FPC
2022-07-07,Fantastic Beasts: The Crimes of Grindelwald,2018,https://boxd.it/bg8G
2022-07-07,Fantastic Beasts: The Secrets of Dumbledore,2022,https://boxd.it/bg8Q
2022-07-07,Avatar,2009,https://boxd.it/1Efm
2022-07-07,Watchmen,2009,https://boxd.it/1QE4
2022-07-07,Rain Man,1988,https://boxd.it/2avw
2022-07-07,The Godfather,1972,https://boxd.it/2aNK
2022-07-07,Honey Boy,2019,https://boxd.it/ixvm
2022-07-07,Transformers,2007,https://boxd.it/280c
2022-07-07,"I, Robot",2004,https://boxd.it/27y8
2022-07-07,Transformers: Revenge of the Fallen,2009,https://boxd.it/20gG
2022-07-07,Transformers: Dark of the Moon,2011,https://boxd.it/16aC
2022-07-07,Sound of Metal,2019,https://boxd.it/i7Q4
2022-07-07,Nomadland,2020,https://boxd.it/lnRy
2022-07-07,Snatch,2000,https://boxd.it/2b7U
2022-07-07,The Master,2012,https://boxd.it/2cBG
2022-07-07,Manchester by the Sea,2016,https://boxd.it/b2L0
2022-07-07,Arrival,2016,https://boxd.it/aNGk
2022-07-07,Mommy,2014,https://boxd.it/7Uau
2022-07-07,Reality,2014,https://boxd.it/5txC
2022-07-07,The World Is Yours,2018,https://boxd.it/iehq
2022-07-07,Shame,2011,https://boxd.it/2CxU
2022-07-07,(500) Days of Summer,2009,https://boxd.it/1EmM
2022-07-07,Actors,2000,https://boxd.it/IJ4
2022-07-07,Eternal Sunshine of the Spotless Mind,2004,https://boxd.it/6YK
2022-07-07,Children of Men,2006,https://boxd.it/1Y2i
2022-07-07,Mystic River,2003,https://boxd.it/2aAG
2022-07-07,Chronicle,2012,https://boxd.it/2Emk
2022-07-07,One Flew Over the Cuckoo's Nest,1975,https://boxd.it/2aeA
2022-07-07,Cries and Whispers,1972,https://boxd.it/1WK8
2022-07-07,All About My Mother,1999,https://boxd.it/2b9c
2022-07-07,About Endlessness,2019,https://boxd.it/bHua
2022-07-07,Bergman Island,2021,https://boxd.it/h86E
2022-07-07,Citizen Kane,1941,https://boxd.it/71O
2022-07-07,The Girl with the Dragon Tattoo,2011,https://boxd.it/2Pa
2022-07-09,Thor: Ragnarok,2017,https://boxd.it/8MHi
2022-07-09,Deadpool 2,2018,https://boxd.it/dlLM
2022-07-09,Hugo,2011,https://boxd.it/R08
2022-07-09,Creed,2015,https://boxd.it/a2qk
2022-07-09,Creed II,2018,https://boxd.it/hgl8
2022-07-09,Black Panther,2018,https://boxd.it/8MHs
2022-07-09,Just Mercy,2019,https://boxd.it/iXj2
2022-07-09,Fahrenheit 451,2018,https://boxd.it/e7Dm
2022-07-09,Men in Black,1997,https://boxd.it/2a0I
2022-07-09,The Expendables,2010,https://boxd.it/1rtA
2022-07-09,The Expendables 2,2012,https://boxd.it/2CPE
2022-07-10,Gran Torino,2008,https://boxd.it/1Qzy
2022-07-13,Pacific Rim,2013,https://boxd.it/2cB2
2022-07-13,The Wave,2008,https://boxd.it/20OS
2022-07-18,V for Vendetta,2005,https://boxd.it/29Ik
2022-07-18,Thor: Love and Thunder,2022,https://boxd.it/mMAY
2022-07-18,The Monuments Men,2014,https://boxd.it/4OxQ
2022-07-18,Dofus - Book I: Julith,2015,https://boxd.it/91Ac
2022-07-18,Forrest Gump,1994,https://boxd.it/728
2022-07-18,Ready Player One,2018,https://boxd.it/aZes
2022-07-19,Malcolm & Marie,2021,https://boxd.it/r5cO
2022-07-19,Azur & Asmar: The Princes' Quest,2006,https://boxd.it/1FQy
2022-07-20,E.T. the Extra-Terrestrial,1982,https://boxd.it/2a1G
2022-07-20,The Lord of the Rings: The Fellowship of the Ring,2001,https://boxd.it/2b5O
2022-07-20,The Lord of the Rings: The Two Towers,2002,https://boxd.it/2b5E
2022-07-20,The Lord of the Rings: The Return of the King,2003,https://boxd.it/2b5u
2022-07-20,Little Miss Sunshine,2006,https://boxd.it/29EW
2022-07-20,The United States vs. Billie Holiday,2021,https://boxd.it/kKmQ
2022-07-20,Wonder Woman 1984,2020,https://boxd.it/gBtA
2022-07-20,Marriage Story,2019,https://boxd.it/hJAw
2022-07-22,BlacKkKlansman,2018,https://boxd.it/hxL8
2022-07-24,The Gray Man,2022,https://boxd.it/rb7q
2022-07-24,Bruce Almighty,2003,https://boxd.it/2aCC
2022-07-24,Sorry to Bother You,2018,https://boxd.it/f21E
2022-07-26,The Gentlemen,2019,https://boxd.it/iYBQ
2022-07-26,Fantastic Four: Rise of the Silver Surfer,2007,https://boxd.it/27Ii
2022-07-26,Fantastic Four,2005,https://boxd.it/1XVw
2022-07-26,Thor: The Dark World,2013,https://boxd.it/2DqA
2022-07-26,Captain America: The First Avenger,2011,https://boxd.it/28b0
2022-07-26,Ant-Man,2015,https://boxd.it/3vmW
2022-07-26,Avengers: Age of Ultron,2015,https://boxd.it/3qi6
2022-07-26,Captain Marvel,2019,https://boxd.it/9vSA
2022-07-26,Captain America: The Winter Soldier,2014,https://boxd.it/3r58
2022-07-26,Captain America: Civil War,2016,https://boxd.it/89Ja
2022-07-26,The Avengers,2012,https://boxd.it/1xFW
2022-07-26,Spider-Man: Homecoming,2017,https://boxd.it/aboM
2022-07-26,Avengers: Endgame,2019,https://boxd.it/9vE4
2022-07-26,Avengers: Infinity War,2018,https://boxd.it/9vEe
2022-07-26,Extraction,2020,https://boxd.it/jUjA
2022-07-27,The Man from U.N.C.L.E.,2015,https://boxd.it/67lG
2022-07-30,The Big Short,2015,https://boxd.it/ajZw
2022-08-09,The Usual Suspects,1995,https://boxd.it/29XE
2022-08-22,Top Gun,1986,https://boxd.it/29JC
2022-08-25,Ambulance,2022,https://boxd.it/sFxg
2022-08-25,Constantine: The House of Mystery,2022,https://boxd.it/tLqM
2022-08-26,Lady Bird,2017,https://boxd.it/dGNE
2022-08-28,L.A. Confidential,1997,https://boxd.it/27oC
2022-09-05,Decision to Leave,2022,https://boxd.it/qp9e
2022-09-06,Sink or Swim,2018,https://boxd.it/hqqM
2022-09-07,The Wannabes,2022,https://boxd.it/rNjk
2022-09-07,Bye Bye Morons,2020,https://boxd.it/oekm
2022-09-08,Wrath of Man,2021,https://boxd.it/nEia
2022-09-13,Inside Out,2015,https://boxd.it/4KHC
2022-09-16,Everything Everywhere All at Once,2022,https://boxd.it/jUk4
2022-09-16,Three Thousand Years of Longing,2022,https://boxd.it/kmoy
2022-09-16,The Lobster,2015,https://boxd.it/7tnw
2022-09-29,Bullet Train,2022,https://boxd.it/qW26
2022-10-03,The Hunger Games,2012,https://boxd.it/2uds
2022-10-03,The Hunger Games: Catching Fire,2013,https://boxd.it/3sAw
2022-10-04,The Hunger Games: Mockingjay – Part 1,2014,https://boxd.it/4hka
2022-10-05,Fargo,1996,https://boxd.it/2aHM
2022-10-06,The Hunger Games: Mockingjay – Part 2,2015,https://boxd.it/4hk0
2022-10-29,The Nice Guys,2016,https://boxd.it/94Hg
2022-11-08,I Care a Lot,2020,https://boxd.it/mcHk
2022-11-17,Black Panther: Wakanda Forever,2022,https://boxd.it/igPu
2022-11-24,Black Adam,2022,https://boxd.it/fup0
2022-11-24,WALL·E,2008,https://boxd.it/1VEo
2022-11-24,2001: A Space Odyssey,1968,https://boxd.it/2bf0
2022-12-13,Scarface,1983,https://boxd.it/2b7g
2022-12-28,Glass Onion,2022,https://boxd.it/oCkK
2022-12-28,Amsterdam,2022,https://boxd.it/oJ58
2023-01-06,Avatar: The Way of Water,2022,https://boxd.it/2E2E
2023-01-06,Normal People,2020,https://boxd.it/q2VY
2023-01-12,Puss in Boots: The Last Wish,2022,https://boxd.it/aaie
2023-01-13,Babysitter,2022,https://boxd.it/sKc8
2023-01-16,My Neighbor Totoro,1988,https://boxd.it/20eA
2023-01-23,Star Wars: Episode I – The Phantom Menace,1999,https://boxd.it/27Vc
2023-01-27,Porco Rosso,1992,https://boxd.it/1Tp2
2023-01-31,Diary of a Fleeting Affair,2022,https://boxd.it/tTO8
2023-02-03,Oblivion,2013,https://boxd.it/2Bzq
2023-02-04,Aftersun,2022,https://boxd.it/Arw0
2023-02-05,Sleepless,2017,https://boxd.it/ayES
2023-02-08,Collateral,2004,https://boxd.it/28F0
2023-02-23,Babylon,2022,https://boxd.it/mM02
2023-03-03,Creed III,2023,https://boxd.it/pf68
2023-03-04,Moneyball,2011,https://boxd.it/glS
2023-03-13,Only the Brave,2017,https://boxd.it/dRqw
2023-03-15,Luther: The Fallen Sun,2023,https://boxd.it/r3t4
2023-03-15,Triple Frontier,2019,https://boxd.it/dZUO
2023-03-25,Kingsman: The Golden Circle,2017,https://boxd.it/buJm
2023-04-05,Batman: The Doom That Came to Gotham,2023,https://boxd.it/BW1Y
2023-04-11,Deadpool,2016,https://boxd.it/9fOC
2023-04-11,Assassin's Creed,2016,https://boxd.it/41IK
2023-04-11,"OSS 117: Cairo, Nest of Spies",2006,https://boxd.it/1MIm
2023-04-11,Pacific Rim: Uprising,2018,https://boxd.it/83Qa
2023-04-11,Iron Man 3,2013,https://boxd.it/2cBQ
2023-04-11,Iron Man 2,2010,https://boxd.it/1WZM
2023-04-11,Thor,2011,https://boxd.it/1WQU
2023-04-11,Shrek,2001,https://boxd.it/29zi
2023-04-11,Doctor Strange,2016,https://boxd.it/8MH8
2023-04-11,Iron Man,2008,https://boxd.it/28dA
2023-04-11,The Incredibles,2004,https://boxd.it/1XLm
2023-04-11,Finding Nemo,2003,https://boxd.it/72i
2023-04-11,Ratatouille,2007,https://boxd.it/27ww
2023-04-11,Guardians of the Galaxy,2014,https://boxd.it/3VH2
2023-04-12,Prisoners,2013,https://boxd.it/4E5i
2023-04-13,Enemy,2013,https://boxd.it/5xtO
2023-04-27,Ant-Man and the Wasp: Quantumania,2023,https://boxd.it/nL2y
2023-04-27,Shazam! Fury of the Gods,2023,https://boxd.it/lV0S
2023-04-27,All Your Faces,2023,https://boxd.it/BOP2
2023-05-05,Marcel the Shell with Shoes On,2021,https://boxd.it/wMAk
2023-05-08,Guardians of the Galaxy Vol. 3,2023,https://boxd.it/fVNI
2023-05-25,American Made,2017,https://boxd.it/bb66
2023-05-25,John Wick: Chapter 4,2023,https://boxd.it/mh48
2023-06-08,Spider-Man: Across the Spider-Verse,2023,https://boxd.it/kSz4
2023-06-08,The Equalizer,2014,https://boxd.it/4TUK
2023-06-09,The Town,2010,https://boxd.it/1zyS
2023-06-11,First Man,2018,https://boxd.it/cPym
2023-06-14,The Matrix,1999,https://boxd.it/2a1m
2023-06-14,Inside Man,2006,https://boxd.it/2auS
2023-06-15,Passengers,2016,https://boxd.it/8lFu
2023-06-18,Extraction 2,2023,https://boxd.it/q4Zo
2023-06-19,Guy Ritchie's The Covenant,2023,https://boxd.it/xjcK
2023-06-25,Elysium,2013,https://boxd.it/2cBm
2023-07-05,Star Wars: Episode III – Revenge of the Sith,2005,https://boxd.it/27US
2023-07-05,Star Wars: Episode II – Attack of the Clones,2002,https://boxd.it/27V2
2023-07-07,Solo: A Star Wars Story,2018,https://boxd.it/bGWs
2023-07-12,Rogue One: A Star Wars Story,2016,https://boxd.it/aPvy
2023-07-18,The Empire Strikes Back,1980,https://boxd.it/27Vw
2023-07-25,The Flash,2023,https://boxd.it/9twC
2023-07-27,Justice League: Warworld,2023,https://boxd.it/BW1E
2023-07-30,Oppenheimer,2023,https://boxd.it/wUow
2023-07-31,Return of the Jedi,1983,https://boxd.it/27Vm
2023-08-11,Portrait of a Lady on Fire,2019,https://boxd.it/jkPq
2023-08-12,Star Wars: The Force Awakens,2015,https://boxd.it/4vru
2023-08-12,Star Wars,1977,https://boxd.it/72s
2023-08-20,Star Wars: The Rise of Skywalker,2019,https://boxd.it/5xlK
2023-08-29,The Matrix Reloaded,2003,https://boxd.it/2a1c
2023-08-29,The Matrix Revolutions,2003,https://boxd.it/2a12
2023-09-03,Pirates of the Caribbean: The Curse of the Black Pearl,2003,https://boxd.it/70G
2023-09-03,Pirates of the Caribbean: Dead Man's Chest,2006,https://boxd.it/2bfk
2023-09-03,Pirates of the Caribbean: At World's End,2007,https://boxd.it/2aGu
2023-09-03,Pirates of the Caribbean: Dead Men Tell No Tales,2017,https://boxd.it/5a9m
2023-09-03,Pirates of the Caribbean: On Stranger Tides,2011,https://boxd.it/27Z4
2023-09-16,They Cloned Tyrone,2023,https://boxd.it/rE7a
2023-09-23,Akira,1988,https://boxd.it/2b1i
2023-09-26,"Crazy, Stupid, Love.",2011,https://boxd.it/D9A
2023-09-30,Love & Other Drugs,2010,https://boxd.it/UIi
2023-10-23,John Wick: Chapter 3 – Parabellum,2019,https://boxd.it/gmFw
2023-10-31,The Creator,2023,https://boxd.it/oXWq
2023-11-05,Ghost in the Shell,1995,https://boxd.it/1YYc
2023-11-07,Lord of War,2005,https://boxd.it/284y
2023-11-14,The Killer,2023,https://boxd.it/u6WE
2023-11-18,The Hunger Games: The Ballad of Songbirds & Snakes,2023,https://boxd.it/pZCY
2023-11-20,The Intouchables,2011,https://boxd.it/2FT0
2023-12-10,After Yang,2021,https://boxd.it/lx5a
2023-12-16,21 Jump Street,2012,https://boxd.it/J0
2023-12-16,Cha Cha Real Smooth,2022,https://boxd.it/uF8E
2023-12-20,The Spectacular Now,2013,https://boxd.it/4VSG
2023-12-20,Good Will Hunting,1997,https://boxd.it/2ahY
2023-12-21,Past Lives,2023,https://boxd.it/oNB8
2023-12-23,Rebel Moon – Part One: A Child of Fire,2023,https://boxd.it/w0qc
2023-12-26,Saltburn,2023,https://boxd.it/z4eg
2023-12-27,Anatomy of a Fall,2023,https://boxd.it/yuDE
2024-01-08,Falcon Lake,2022,https://boxd.it/zHkW
2024-01-17,The Marvels,2023,https://boxd.it/mwU4
2024-01-22,The Farewell,2019,https://boxd.it/kIky
2024-01-24,Aquaman and the Lost Kingdom,2023,https://boxd.it/l1LS
2024-02-21,"Oslo, August 31st",2011,https://boxd.it/2xQC
2024-02-22,You Were Never Really Here,2017,https://boxd.it/dWOS
2024-02-24,The Hurt Locker,2008,https://boxd.it/1Soi
2024-02-25,Before Sunrise,1995,https://boxd.it/2bcU
2024-02-26,Before Sunset,2004,https://boxd.it/2bcg
2024-02-27,Before Midnight,2013,https://boxd.it/4ive
2024-02-28,Normal People Confessions,2020,https://boxd.it/sy34
2024-03-07,Dune: Part Two,2024,https://boxd.it/pUfA
2024-04-01,La La Land,2016,https://boxd.it/a5fa
2024-04-06,Amélie,2001,https://boxd.it/2aUc
2024-04-06,Christmas & Co.,2017,https://boxd.it/g6as
2024-04-15,Raiders of the Lost Ark,1981,https://boxd.it/2bbs
2024-04-17,Ex Machina,2015,https://boxd.it/7T2k
2024-04-18,I Lost My Body,2019,https://boxd.it/lAYs
2024-04-26,One Day,2024,https://boxd.it/L1ZM
2024-04-28,Civil War,2024,https://boxd.it/z1jW
2024-04-30,Buena Vista Social Club,1999,https://boxd.it/1T6E
2024-05-05,Reservoir Dogs,1992,https://boxd.it/2agc
2024-05-05,Castle in the Sky,1986,https://boxd.it/1W4G
2024-05-12,The Virgin Suicides,1999,https://boxd.it/28JG
2024-05-17,Snowpiercer,2013,https://boxd.it/3Icg
2024-05-19,Argo,2012,https://boxd.it/2czU
2024-05-20,Two Is a Family,2016,https://boxd.it/dk7w
2024-05-21,Dawn of the Planet of the Apes,2014,https://boxd.it/3XyQ
2024-05-22,War for the Planet of the Apes,2017,https://boxd.it/8FE2
2024-05-27,Mars Express,2023,https://boxd.it/lATC
2024-05-27,The Darjeeling Limited,2007,https://boxd.it/24as
2024-05-28,The Banshees of Inisherin,2022,https://boxd.it/p7XS
2024-05-29,Layer Cake,2004,https://boxd.it/23LC
2024-06-01,Mad Max: Fury Road,2015,https://boxd.it/2DjO
2024-06-08,Pride & Prejudice,2005,https://boxd.it/24u8
2024-06-16,Gladiator,2000,https://boxd.it/2b9m
2024-06-18,Dragon Princess,2021,https://boxd.it/lFOC
2024-07-04,Hidden Figures,2016,https://boxd.it/dgS4
2024-07-30,The Ministry of Ungentlemanly Warfare,2024,https://boxd.it/u5zu
2024-08-02,Logan,2017,https://boxd.it/7Piy
2024-08-03,X-Men: Days of Future Past,2014,https://boxd.it/4aRw
2024-08-04,X-Men: Apocalypse,2016,https://boxd.it/7eJi
2024-08-04,Valkyrie,2008,https://boxd.it/275g
2024-08-05,Dark Phoenix,2019,https://boxd.it/anyO
2024-08-08,X-Men: First Class,2011,https://boxd.it/FOA
2024-08-08,X-Men,2000,https://boxd.it/1a7s
2024-08-08,X2,2003,https://boxd.it/1a7i
2024-08-08,X-Men: The Last Stand,2006,https://boxd.it/1a5Q
2024-08-09,The Last Duel,2021,https://boxd.it/mQbe
2024-08-10,Dead Poets Society,1989,https://boxd.it/2aSg
2024-08-11,The Boy and the Heron,2023,https://boxd.it/ipeM
2024-08-18,Memento,2000,https://boxd.it/2bcK
2024-08-21,The Martian,2015,https://boxd.it/8SeG
2024-08-21,Valerian and the City of a Thousand Planets,2017,https://boxd.it/biYY
2024-08-25,Taken,2008,https://boxd.it/1ZXa
2024-08-25,Taken 2,2012,https://boxd.it/2TWi
2024-08-25,Taken 3,2014,https://boxd.it/7Iqq
2024-08-25,Legend,2015,https://boxd.it/8qZY
2024-08-29,Deadpool & Wolverine,2024,https://boxd.it/jq8s
2024-08-30,Carol,2015,https://boxd.it/7DPK
2024-08-30,Rise of the Planet of the Apes,2011,https://boxd.it/cS4
2024-09-01,Atonement,2007,https://boxd.it/24ui
2024-09-10,Columbus,2017,https://boxd.it/eCuA
2024-09-15,The Shawshank Redemption,1994,https://boxd.it/2aHi
2024-09-15,DJ Mehdi: Made in France,2024,https://boxd.it/QkA2
2024-09-23,Fantastic Mr. Fox,2009,https://boxd.it/1WyQ
2024-09-26,Inside Out 2,2024,https://boxd.it/CFrC
2024-09-28,Run Lola Run,1998,https://boxd.it/2b8o
2024-10-08,Wolfs,2024,https://boxd.it/x6zG
2024-10-17,The Northman,2022,https://boxd.it/nK2s
2024-10-18,Little Women,2019,https://boxd.it/aSVk
2024-10-21,Melancholia,2011,https://boxd.it/bPI
2024-10-29,Transformers One,2024,https://boxd.it/q7bc
2024-10-29,Transformers: Rise of the Beasts,2023,https://boxd.it/oQTa
2024-10-29,Bumblebee,2018,https://boxd.it/f21O
2024-10-29,6 Underground,2019,https://boxd.it/irU6
2024-10-29,Transformers: Age of Extinction,2014,https://boxd.it/3d1m
2024-10-29,Transformers: The Last Knight,2017,https://boxd.it/b8xo
2024-10-31,Eyes Wide Shut,1999,https://boxd.it/2axs
2024-11-01,Ocean's Eight,2018,https://boxd.it/eaai
2024-11-03,Edge of Tomorrow,2014,https://boxd.it/4pD0
2024-11-08,The Fall,2006,https://boxd.it/1NoM
2024-11-11,The Chronicles of Narnia: Prince Caspian,2008,https://boxd.it/26Hy
2024-11-11,The Hobbit: The Desolation of Smaug,2013,https://boxd.it/nmS
2024-11-11,The Hobbit: The Battle of the Five Armies,2014,https://boxd.it/43aU
2024-11-11,The Hobbit: An Unexpected Journey,2012,https://boxd.it/GZk
2024-11-15,Anora,2024,https://boxd.it/Egcw
2024-11-21,Gladiator II,2024,https://boxd.it/kqQQ
2024-11-24,The Collapse,2019,https://boxd.it/rx5c
2024-11-25,Flow,2024,https://boxd.it/v1Ei
2024-11-27,The Wild Robot,2024,https://boxd.it/IWFy
2024-11-29,300,2006,https://boxd.it/28XI
2024-12-12,Venom,2018,https://boxd.it/b8wA
2024-12-13,We Live in Time,2024,https://boxd.it/FC5u
2024-12-14,Golo & Ritchie,2024,https://boxd.it/NfWc
2024-12-14,The Chronicles of Narnia: The Voyage of the Dawn Treader,2010,https://boxd.it/1WZs
2024-12-15,When We Were Kings,1996,https://boxd.it/1VZm
2024-12-20,The Maze Runner,2014,https://boxd.it/5YPM
2024-12-22,Inglourious Basterds,2009,https://boxd.it/1JzG
2024-12-26,Atlantis: The Lost Empire,2001,https://boxd.it/1Vck
2024-12-31,Moonrise Kingdom,2012,https://boxd.it/2Wng
2025-02-13,Infinite,2021,https://boxd.it/lnRe
2025-02-13,Southpaw,2015,https://boxd.it/9Phu
2025-02-15,The Notebook,2004,https://boxd.it/1UNE
2025-02-25,The Bourne Identity,2002,https://boxd.it/26EO
2025-02-27,Swiss Army Man,2016,https://boxd.it/bDG2
2025-03-05,Maze Runner: The Scorch Trials,2015,https://boxd.it/9hwA
2025-03-05,Maze Runner: The Death Cure,2018,https://boxd.it/bakw
2025-03-07,The Lego Batman Movie,2017,https://boxd.it/azp0
2025-03-08,The Prince of Egypt,1998,https://boxd.it/1XGQ
2025-03-09,Rango,2011,https://boxd.it/QPk
2025-03-14,Brother,2019,https://boxd.it/kUYU
2025-03-24,Incendies,2010,https://boxd.it/Msm
2025-03-26,Captain America: Brave New World,2025,https://boxd.it/uYDm
2025-04-04,Kingdom of Heaven,2005,https://boxd.it/28Gs
2025-04-10,Mickey 17,2025,https://boxd.it/q1Dk
2025-04-19,The Gorge,2025,https://boxd.it/zRqK
2025-04-20,Treasure Planet,2002,https://boxd.it/1Znm
2025-04-21,The Summit of the Gods,2021,https://boxd.it/qFIu
2025-04-23,Asterix & Obelix: Mission Cleopatra,2002,https://boxd.it/268o
2025-04-23,The Taste of Others,2000,https://boxd.it/1VBY
2025-04-25,Conclave,2024,https://boxd.it/AO8q
2025-04-25,Nobody,2021,https://boxd.it/mLqS
2025-04-28,Havoc,2025,https://boxd.it/oTok
2025-05-02,Thunderbolts*,2025,https://boxd.it/BfbQ
2025-05-10,A Working Man,2025,https://boxd.it/Jpmq
2025-05-15,Wind River,2017,https://boxd.it/dR3i
2025-06-04,The Departed,2006,https://boxd.it/28MA
2025-06-07,The Sisters Brothers,2018,https://boxd.it/fDFm
2025-06-15,Long Way North,2015,https://boxd.it/bAhe
2025-06-18,"Cocaine Air: Smugglers at 30,000 Ft.",2025,https://boxd.it/VKWS
2025-06-29,Burn After Reading,2008,https://boxd.it/23BW
